morcs.org,'WrappedArray([Ruston,United States,null,Louisiana,Lincoln Parish Park 211 Parish Park Rd,71270])',null
knockstudy.org,'WrappedArray([Los Angeles,United States,null,California,184 S. Bimini Place,90004])','[2310945,,www.linkedin.com/company/knockstudy/]'
marinegroup.com,'WrappedArray([Palm Beach Gardens,United States,null,Florida,2401 PGA Blvd.  Ste. 164,33410])',null
illuminet.com,'WrappedArray([Olympia,United States,null,Washington,4501 Intelco Loop Se,98507])',null
bri-wi.com,'WrappedArray([Sussex,United States,null,Wisconsin,Building Restoration, Inc. P.O. Box 250,53089])',null
newcocar.eu,'WrappedArray([Rivoli (To) 10098,Italy,null,Italy,Corso Allamano 151,10098])','[2376604,newcocar-s-r-l-,www.linkedin.com/company/newcocar-s-r-l-]'
outpostdigital.com,'WrappedArray([New York,United States,null,New York,435 Hudson St,10014])',null
kronotak.com.br,'WrappedArray([São João De Meriti,Brazil,null,,Rua Trevo,25515-390])','[2273200,kronotak-servi-os-e-com-rcio-ltda-,www.linkedin.com/company/kronotak-servi-os-e-com-rcio-ltda-]'
cardinalaggregate.com,'WrappedArray([Perrysburg,United States,null,Ohio,8026 Fremont Pike,43551])','[4254435,cardinal-aggregate,www.linkedin.com/company/cardinal-aggregate]'
shopuni-t.com,'WrappedArray([Natick,United States,null,Massachusetts,1245 Worcester Street #4048,01760])','[5104352,uni-t,www.linkedin.com/company/uni-t]'
